rowID	row_ID	row_m_z	row_retention_time	All_identity_elements
met_1	13	311.2009	14.84	
met_2	52	429.3033	16.79	
met_3	76	311.1681	13.40	
met_4	89	311.1681	13.22	
met_5	90	325.1839	13.97	
met_6	102	315.2532	12.96	
met_7	107	325.1839	13.78	
met_8	113	329.2329	11.08	
met_9	116	329.2329	10.97	
met_10	124	356.1864	15.86	
met_11	126	306.9248	0.56	
met_12	131	309.1702	12.17	
met_13	135	329.2329	11.66	
met_14	140	361.1624	12.76	
met_15	142	309.1735	13.07	
met_16	163	356.1864	15.44	
met_17	178	387.1138	0.79	
met_18	182	444.9718	12.07	
met_19	184	494.9682	12.68	
met_20	188	394.9750	11.47	
met_21	189	361.1625	12.11	
met_22	202	412.9659	12.28	
met_23	203	315.2532	12.78	
met_24	205	368.9762	12.28	
met_25	206	353.1995	13.22	
met_26	208	311.1861	12.67	
met_27	209	344.9781	10.82	
met_28	220	544.9653	13.30	
met_29	250	326.1877	15.14	
met_30	252	644.9590	14.60	
met_31	269	397.2258	13.30	
met_32	270	337.2048	14.11	
met_33	285	330.9793	11.46	
met_34	286	594.9624	13.94	
met_35	288	309.1702	12.50	
met_36	289	380.9757	12.07	
met_37	310	534.1835	16.21	
met_38	312	333.1345	12.67	
met_39	331	430.9722	12.68	
met_40	365	694.9565	15.26	
met_41	380	418.9019	0.57	
met_42	393	321.2096	14.80	
met_43	432	611.1585	15.22	
met_44	457	379.1550	13.40	
met_45	464	313.0780	16.68	
met_46	496	847.5578	16.63	
met_47	497	480.9689	13.30	
met_48	500	606.2826	13.22	
met_49	517	334.9201	0.52	
met_50	523	361.2226	9.03	
met_51	540	744.9527	16.02	
met_52	544	329.2329	10.54	
met_53	558	606.2826	13.46	
met_54	559	339.1991	14.16	
met_55	568	499.2108	16.93	
met_56	573	313.0781	15.66	
met_57	576	379.1550	13.22	
met_58	580	393.1711	13.97	
met_59	587	307.1942	14.28	
met_60	589	377.1573	12.17	
met_61	610	361.2228	8.72	
met_62	623	393.1711	13.78	
met_63	624	361.1658	13.74	
met_64	636	457.1835	15.95	
met_65	650	326.9025	10.15	
met_66	656	328.9070	4.92	
met_67	658	328.9056	0.63	
met_68	661	424.9190	0.51	
met_69	671	339.1991	14.55	
met_70	676	326.2333	15.64	
met_71	681	309.1449	15.59	
met_72	687	438.9648	8.98	
met_73	700	340.9366	4.57	
met_74	711	307.9282	3.61	
met_75	713	365.1392	12.84	
met_76	718	328.9070	4.50	
met_77	728	340.9366	5.22	
met_78	731	535.1770	16.21	
met_79	736	328.9070	3.92	
met_80	738	313.1638	13.40	
met_81	748	499.2110	15.31	
met_82	753	312.8947	4.12	
met_83	759	328.9071	5.84	
met_84	765	345.1316	12.91	
met_85	768	312.8947	4.43	
met_86	775	412.9659	12.08	
met_87	780	388.9681	8.37	
met_88	789	459.1632	14.63	
met_89	795	309.1449	15.48	
met_90	797	340.9366	4.95	
met_91	807	340.9366	4.36	
met_92	809	794.5167	15.18	
met_93	821	305.0879	9.94	
met_94	829	533.1807	16.21	
met_95	835	797.5412	15.51	
met_96	837	341.1079	0.79	
met_97	856	387.1554	15.47	
met_98	906	313.2378	13.69	
met_99	966	316.9471	10.24	
met_100	967	310.9303	9.92	
met_101	976	310.9303	10.18	
met_102	980	315.0458	11.11	
met_103	983	606.2827	13.26	
met_104	986	344.8791	1.16	
met_105	990	344.8792	2.24	
met_106	998	344.8793	4.32	
met_107	1001	344.8793	3.60	
met_108	1003	424.9190	3.59	
met_109	1016	361.1625	13.13	
met_110	1031	447.1333	11.40	
met_111	1047	307.9283	4.72	
met_112	1057	313.0780	14.95	
met_113	1060	307.9282	2.43	
met_114	1062	307.9283	3.40	
met_115	1073	307.9283	4.68	
met_116	1086	328.9071	2.67	
met_117	1088	328.9071	3.23	
met_118	1090	378.9175	9.85	
met_119	1095	328.9069	2.27	
met_120	1113	304.9136	7.56	
met_121	1126	378.9175	10.20	
met_122	1139	823.5586	15.57	
met_123	1144	312.8947	4.45	
met_124	1155	312.8947	0.49	
met_125	1161	340.9366	2.25	
met_126	1166	368.9765	12.02	
met_127	1168	328.9070	5.60	
met_128	1173	312.8947	3.73	
met_129	1182	340.9366	3.27	
met_130	1185	340.9366	3.74	
met_131	1190	340.9366	5.35	
met_132	1191	535.1597	14.74	
met_133	1207	499.2109	14.86	
met_134	1231	795.5241	16.24	
met_135	1232	481.1027	14.92	
met_136	1233	845.5427	15.99	
met_137	1234	821.5400	16.96	
met_138	1262	381.2309	14.25	
met_139	1291	530.9661	13.95	
met_140	1299	606.2830	16.11	
met_141	1302	620.2610	15.03	
met_142	1312	863.5125	16.23	
met_143	1322	793.5126	14.91	
met_144	1336	743.4873	16.87	
met_145	1349	913.5289	15.99	
met_146	1350	845.5427	16.51	
met_147	1353	337.1179	12.80	
met_148	1366	799.5559	15.62	
met_149	1369	306.9184	16.93	
met_150	1370	769.5087	15.62	
met_151	1372	819.5275	14.93	
met_152	1385	365.1392	12.68	
met_153	1386	307.9283	2.19	
met_154	1390	307.9283	2.05	
met_155	1466	621.2653	13.44	
met_156	1479	310.9304	9.76	
met_157	1511	848.5599	16.63	
met_158	1528	424.9189	4.47	
met_159	1538	424.9189	2.70	
met_160	1539	424.9190	2.15	
met_161	1558	344.8793	4.71	
met_162	1559	793.5121	15.75	
met_163	1567	798.5436	15.61	
met_164	1575	393.1711	13.72	
met_165	1617	378.9176	9.61	
met_166	1619	407.2024	16.26	
met_167	1625	313.1638	13.22	
met_168	1632	407.2024	16.75	
met_169	1636	307.9282	1.45	
met_170	1640	328.9070	3.70	
met_171	1641	605.2767	16.98	
met_172	1643	307.9282	2.96	
met_173	1646	328.9071	4.63	
met_174	1647	307.9282	3.28	
met_175	1654	328.9070	5.24	
met_176	1674	318.8286	2.88	
met_177	1681	318.8286	5.15	
met_178	1684	849.5693	16.66	
met_179	1715	327.1791	13.97	
met_180	1718	316.9475	7.57	
met_181	1731	533.1807	15.27	
met_182	1740	318.8286	4.10	
met_183	1749	384.9344	9.94	
met_184	1752	314.3354	6.46	
met_185	1756	340.9366	5.08	
met_186	1761	743.4879	16.32	
met_187	1766	340.9366	4.19	
met_188	1770	340.9366	3.33	
met_189	1774	318.8286	5.47	
met_190	1800	721.5017	16.82	
met_191	1819	724.8705	16.92	
met_192	1830	318.8285	0.45	
met_193	1841	314.3354	6.24	
met_194	1845	791.4950	14.73	
met_195	1846	793.5109	16.79	
met_196	1856	815.4978	15.69	
met_197	1870	781.4642	14.71	
met_198	1871	861.4956	16.79	
met_199	1887	309.1702	12.41	
met_200	1890	817.5115	16.28	
met_201	1898	482.9603	0.77	
met_202	1911	817.5075	15.78	
met_203	1921	334.9200	1.27	
met_204	1922	823.5578	16.78	
met_205	1928	334.9199	0.41	
met_206	1930	425.2570	14.32	
met_207	1935	424.9190	5.30	
met_208	1941	424.9190	4.20	
met_209	1945	606.2827	13.91	
met_210	1948	344.8791	1.83	
met_211	1949	606.2830	14.03	
met_212	1954	814.6039	16.03	
met_213	1956	344.8793	5.21	
met_214	1977	793.5116	15.02	
met_215	1996	767.4932	16.25	
met_216	2001	328.9070	3.94	
met_217	2002	307.9283	0.53	
met_218	2005	307.9283	5.23	
met_219	2012	619.4216	15.07	
met_220	2013	310.9303	12.58	
met_221	2023	744.4892	16.85	
met_222	2028	959.5911	14.24	
met_223	2042	318.8286	3.53	
met_224	2054	785.4953	16.24	
met_225	2055	318.8286	4.45	
met_226	2064	318.8285	0.43	
met_227	2083	520.9090	12.75	
met_228	2106	745.5009	16.97	
met_229	2134	340.9366	4.16	
met_230	2155	340.9366	3.73	
met_231	2161	306.9184	14.79	
met_232	2188	533.1807	15.65	
met_233	2231	323.1342	7.06	
met_234	2233	421.2257	13.30	
met_235	2238	404.1035	0.79	
met_236	2239	317.0538	0.73	
met_237	2242	306.0759	1.60	
met_238	2243	306.0759	1.30	
met_239	2244	431.1034	0.95	
met_240	2249	531.2795	12.24	
met_241	2250	475.1290	0.92	
met_242	2256	307.0107	0.82	
met_243	2262	711.2197	1.21	
met_244	2265	439.0741	0.84	
met_245	2267	345.0819	6.51	
met_246	2268	477.1714	6.71	
met_247	2269	755.2082	1.21	
met_248	2276	300.0721	1.28	
met_249	2277	533.2950	12.71	
met_250	2287	673.2501	16.51	
met_251	2290	683.2230	0.79	
met_252	2291	687.2290	15.44	
met_253	2293	426.0216	1.13	
met_254	2298	426.0214	0.81	
met_255	2301	313.1336	6.34	
met_256	2304	665.2124	1.21	
met_257	2309	489.2135	13.30	
met_258	2310	593.1564	0.97	
met_259	2313	595.6616	6.49	
met_260	2322	693.3318	11.59	
met_261	2327	567.1663	6.71	
met_262	2329	637.1814	0.96	
met_263	2331	333.0586	0.70	
met_264	2336	655.2606	7.62	
met_265	2340	302.9961	1.86	
met_266	2343	306.0146	0.83	
met_267	2344	321.0822	6.13	
met_268	2348	377.0848	0.92	
met_269	2350	402.9937	0.81	
met_270	2351	337.1498	7.65	
met_271	2354	389.0718	6.51	
met_272	2357	442.6497	6.44	
met_273	2361	304.0606	1.60	
met_274	2366	306.0759	3.99	
met_275	2370	596.1648	6.48	
met_276	2371	655.2605	7.45	
met_277	2373	304.0606	1.30	
met_278	2375	417.1242	0.93	
met_279	2377	423.2211	13.30	
met_280	2378	367.0643	6.51	
met_281	2379	505.9874	1.11	
met_282	2383	343.0663	6.32	
met_283	2389	403.1281	6.34	
met_284	2391	393.5322	2.12	
met_285	2392	337.0769	0.84	
met_286	2393	442.0164	1.28	
met_287	2395	721.3655	12.32	
met_288	2399	415.1085	0.86	
met_289	2401	563.1457	0.94	
met_290	2403	437.2211	11.34	
met_291	2404	359.1392	6.34	
met_292	2406	493.1245	6.34	
met_293	2408	524.6262	6.09	
met_294	2411	306.0759	6.52	
met_295	2412	338.0660	1.61	
met_296	2414	323.0281	1.28	
met_297	2415	328.0576	1.59	
met_298	2417	675.2511	16.50	
met_299	2420	572.1482	5.81	
met_300	2426	308.0715	1.60	
met_301	2428	338.0660	1.30	
met_302	2431	321.1548	7.92	
met_303	2436	483.2725	13.29	
met_304	2438	799.2341	1.10	
met_305	2441	305.1751	11.93	
met_306	2442	309.1187	6.19	
met_307	2444	328.0576	1.30	
met_308	2445	308.0715	1.30	
met_309	2446	318.0759	1.17	
met_310	2456	335.0532	6.51	
met_311	2457	364.0878	6.30	
met_312	2462	300.0484	0.74	
met_313	2463	432.1798	9.21	
met_314	2464	306.0759	2.89	
met_315	2465	447.1353	0.85	
met_316	2467	514.2154	7.00	
met_317	2469	323.0278	0.82	
met_318	2470	588.3288	13.07	
met_319	2471	418.0530	1.58	
met_320	2473	443.1514	6.44	
met_321	2484	325.1132	6.68	
met_322	2488	557.2009	13.30	
met_323	2493	337.0772	1.24	
met_324	2496	377.1808	9.00	
met_325	2497	564.3297	13.07	
met_326	2498	886.3076	6.44	
met_327	2501	379.0814	0.93	
met_328	2508	368.0978	6.54	
met_329	2516	611.1429	3.99	
met_330	2517	540.3293	13.68	
met_331	2519	363.1654	8.52	
met_332	2523	708.1056	3.52	
met_333	2524	389.1667	1.12	
met_334	2525	411.0779	6.13	
met_335	2526	521.9819	0.83	
met_336	2528	306.9250	1.81	
met_337	2539	741.2372	16.51	
met_338	2548	430.2302	6.79	
met_339	2552	415.1455	2.16	
met_340	2559	562.3133	12.59	
met_341	2574	306.9250	2.11	
met_342	2577	306.9249	1.66	
met_343	2578	788.0740	2.12	
met_344	2583	709.2045	1.21	
met_345	2584	308.9915	1.07	
met_346	2589	606.2825	16.56	
met_347	2598	316.9470	15.60	
met_348	2599	381.1211	6.34	
met_349	2600	531.1198	0.89	
met_350	2608	382.0988	3.21	
met_351	2614	972.2971	1.22	
met_352	2617	755.2181	15.44	
met_353	2629	371.5372	2.12	
met_354	2631	342.0809	6.29	
met_355	2635	559.3120	13.06	
met_356	2637	362.0504	1.99	
met_357	2644	613.1606	1.61	
met_358	2651	350.9512	1.07	
met_359	2654	394.0337	2.12	
met_360	2657	701.1896	1.21	
met_361	2659	312.9418	0.53	
met_362	2668	690.2329	15.44	
met_363	2675	386.0712	6.28	
met_364	2678	427.0094	1.93	
met_365	2683	639.2666	8.40	
met_366	2688	606.6530	6.48	
met_367	2694	378.0970	0.89	
met_368	2698	437.2212	11.68	
met_369	2699	471.2508	14.19	
met_370	2702	635.1417	1.61	
met_371	2704	521.9825	1.28	
met_372	2705	613.1605	1.30	
met_373	2707	359.1928	6.57	
met_374	2709	677.2444	7.69	
met_375	2711	564.3297	13.21	
met_376	2721	572.1480	4.99	
met_377	2724	362.1019	1.10	
met_378	2728	621.2564	8.73	
met_379	2731	445.2357	13.64	
met_380	2732	341.1782	11.05	
met_381	2742	439.0034	1.09	
met_382	2744	394.9773	1.08	
met_383	2751	391.0316	1.94	
met_384	2757	327.1632	10.64	
met_385	2764	501.3908	14.01	
met_386	2769	334.9337	1.88	
met_387	2770	611.1429	1.62	
met_388	2774	337.0770	1.60	
met_389	2781	341.1782	11.09	
met_390	2783	414.2350	7.72	
met_391	2800	404.0423	1.29	
met_392	2802	841.2448	1.22	
met_393	2815	742.0658	2.11	
met_394	2820	396.0709	1.59	
met_395	2824	816.5003	15.84	
met_396	2828	744.2325	4.47	
met_397	2829	375.0172	1.96	
met_398	2831	391.0317	1.68	
met_399	2837	621.2563	8.59	
met_400	2842	415.1452	1.75	
met_401	2843	327.1632	10.68	
met_402	2849	384.9344	15.30	
met_403	2853	459.2347	8.74	
met_404	2854	635.1417	1.30	
met_405	2858	444.2097	7.13	
met_406	2872	402.2122	8.96	
met_407	2882	481.2559	13.04	
met_408	2891	418.9018	0.40	
met_409	2898	447.2513	14.43	
met_410	2904	309.0457	0.90	
met_411	2910	404.0422	1.61	
met_412	2911	505.9874	2.01	
met_413	2919	434.0169	1.58	
met_414	2922	304.9908	0.91	
met_415	2925	611.1429	1.30	
met_416	2938	396.0708	1.31	
met_417	2943	312.9419	6.36	
met_418	2956	300.1924	7.70	
met_419	2959	459.1352	2.17	
met_420	2969	312.9417	1.57	
met_421	2974	320.9541	1.08	
met_422	2976	452.9219	15.14	
met_423	2983	468.2818	7.88	
met_424	2990	567.3497	9.10	
met_425	2996	677.2443	7.50	
met_426	2999	341.0901	6.04	
met_427	3012	305.0173	1.79	
met_428	3015	304.0606	3.99	
met_429	3017	347.0222	1.05	
met_430	3021	302.9962	1.05	
met_431	3023	371.0333	2.12	
met_432	3035	301.0171	1.03	
met_433	3043	310.9519	1.09	
met_434	3046	451.1134	1.60	
met_435	3052	310.9684	1.69	
met_436	3057	492.1829	6.20	
met_437	3059	304.9818	1.05	
met_438	3089	567.9138	1.16	
met_439	3100	361.1180	1.60	
met_440	3102	438.5835	6.21	
met_441	3110	357.2136	8.28	
met_442	3115	604.0681	1.23	
met_443	3122	305.1751	11.54	
met_444	3133	414.9732	1.82	
met_445	3138	499.2107	16.88	
met_446	3149	440.0355	1.55	
met_447	3155	334.1766	8.83	
met_448	3156	371.2299	8.10	
met_449	3158	389.1811	9.08	
met_450	3161	423.2512	15.51	
met_451	3171	322.9705	1.85	
met_452	3173	460.2039	1.42	
met_453	3192	322.0437	1.10	
met_454	3195	359.9951	1.59	
met_455	3200	633.1267	3.99	
met_456	3201	322.0711	1.60	
met_457	3215	663.1080	3.52	
met_458	3220	415.1455	2.41	
met_459	3224	322.8972	1.49	
met_460	3231	390.0286	1.31	
met_461	3238	418.0531	3.99	
met_462	3242	594.1307	5.80	
met_463	3245	391.1986	8.78	
met_464	3246	457.2353	13.41	
met_465	3252	312.9418	2.10	
met_466	3262	322.0711	1.30	
met_467	3275	306.9253	7.00	
met_468	3277	520.9090	14.70	
met_469	3283	359.9951	1.31	
met_470	3296	357.2137	7.52	
met_471	3306	335.0054	1.93	
met_472	3309	312.9418	1.31	
met_473	3311	330.1669	6.73	
met_474	3317	424.9189	0.45	
met_475	3318	385.1724	6.87	
met_476	3321	372.0694	1.35	
met_477	3342	326.0422	1.59	
met_478	3344	422.0870	6.42	
met_479	3348	445.0198	1.08	
met_480	3349	333.0262	1.03	
met_481	3351	322.8973	2.03	
met_482	3358	372.0693	1.82	
met_483	3367	350.0659	1.61	
met_484	3372	360.0480	1.59	
met_485	3375	310.9989	1.06	
met_486	3379	335.1343	7.74	
met_487	3385	653.1380	1.62	
met_488	3387	350.0658	1.30	
met_489	3390	810.0531	2.12	
met_490	3392	418.9018	1.50	
met_491	3403	312.9417	1.30	
met_492	3406	431.2200	12.95	
met_493	3407	447.2743	14.78	
met_494	3408	357.2136	7.96	
met_495	3410	329.1822	6.13	
met_496	3419	371.2298	8.33	
met_497	3425	375.1036	6.30	
met_498	3433	304.0605	2.89	
met_499	3436	500.2773	12.57	
met_500	3443	344.1091	2.61	
met_501	3449	407.2647	8.39	
met_502	3455	655.2610	7.90	
met_503	3456	424.9190	4.30	
met_504	3457	344.0395	5.25	
met_505	3461	336.0677	1.23	
met_506	3466	302.9963	1.30	
met_507	3470	362.0505	1.33	
met_508	3486	325.2743	15.83	
met_509	3491	424.9190	3.81	
met_510	3493	326.0422	1.32	
met_511	3499	322.8974	1.21	
met_512	3504	355.1939	11.53	
met_513	3515	328.0576	3.99	
met_514	3517	482.9604	1.66	
met_515	3524	424.9190	2.39	
met_516	3531	406.1287	6.33	
met_517	3534	416.2286	9.31	
met_518	3538	730.0889	3.52	
met_519	3541	302.1715	6.70	
met_520	3545	307.9283	0.31	
met_521	3549	452.9218	13.56	
met_522	3551	388.0856	6.30	
met_523	3557	433.2357	13.45	
met_524	3566	308.0715	3.99	
met_525	3569	633.1265	1.61	
met_526	3578	312.9421	7.00	
met_527	3581	314.2084	7.54	
met_528	3591	459.1353	2.41	
met_529	3593	382.0991	1.42	
met_530	3599	516.2815	9.52	
met_531	3600	328.9068	0.39	
met_532	3607	372.1401	6.84	
met_533	3628	307.9283	4.43	
met_534	3639	307.9282	2.58	
met_535	3646	328.9069	0.37	
met_536	3656	630.3004	12.59	
met_537	3660	396.0445	1.58	
met_538	3667	656.8835	16.89	
met_539	3676	369.1392	2.16	
met_540	3682	317.1285	1.61	
met_541	3693	370.2228	14.47	
met_542	3695	305.0181	1.29	
met_543	3703	613.1398	3.99	
met_544	3705	307.0663	2.24	
met_545	3706	328.9071	3.61	
met_546	3708	334.9202	1.53	
met_547	3712	327.2169	11.17	
met_548	3723	418.9020	1.84	
met_549	3726	364.0812	1.79	
met_550	3733	482.9603	1.91	
met_551	3753	345.1770	6.80	
met_552	3758	334.9203	1.81	
met_553	3762	328.9070	4.66	
met_554	3773	438.5835	6.04	
met_555	3796	434.1043	2.61	
met_556	3798	312.0031	6.48	
met_557	3808	327.1792	13.78	
met_558	3809	418.9021	6.25	
met_559	3811	328.9071	3.27	
met_560	3844	328.9070	2.48	
met_561	3849	418.0530	2.88	
met_562	3853	340.9365	0.44	
met_563	3858	331.0664	6.16	
met_564	3865	325.2014	10.17	
met_565	3872	360.0903	3.21	
met_566	3932	312.0943	5.63	
met_567	3941	312.8947	4.89	
met_568	3963	304.1512	6.83	
met_569	3965	385.0978	0.94	
met_570	3966	414.2350	8.10	
met_571	3968	728.1527	7.15	
met_572	3970	686.1409	6.76	
met_573	3971	796.5297	16.23	
met_574	3975	549.1661	0.97	
met_575	3976	360.0706	5.95	
met_576	3979	390.2391	9.53	
met_577	3988	786.1632	7.42	
met_578	3990	304.9138	0.62	
met_579	3991	303.2326	15.97	
met_580	3999	300.1924	7.85	
met_581	4004	389.0828	1.23	
met_582	4007	378.0964	4.45	
met_583	4010	337.0440	4.42	
met_584	4011	316.9470	16.87	
met_585	4017	378.0964	4.10	
met_586	4020	344.1819	7.65	
met_587	4021	373.1728	6.87	
met_588	4033	306.9250	2.08	
met_589	4037	635.2510	14.08	
met_590	4038	331.0277	0.94	
met_591	4046	619.2539	13.34	
met_592	4047	312.9418	0.48	
met_593	4051	348.1925	8.95	
met_594	4052	619.2540	13.39	
met_595	4057	359.1928	6.89	
met_596	4058	300.1923	8.32	
met_597	4060	763.1839	1.21	
met_598	4062	356.2549	8.94	
met_599	4068	306.9250	6.26	
met_600	4072	621.2682	15.23	
met_601	4076	373.2086	7.42	
met_602	4080	306.9248	1.59	
met_603	4081	401.2400	7.91	
met_604	4091	384.9344	16.71	
met_605	4114	356.2549	9.08	
met_606	4116	793.5117	15.07	
met_607	4122	621.2653	13.09	
met_608	4124	452.9218	16.71	
met_609	4128	418.9018	0.48	
met_610	4130	316.1507	6.50	
met_611	4135	369.2191	14.47	
met_612	4144	429.2353	8.05	
met_613	4146	452.9218	16.35	
met_614	4148	421.2084	8.41	
met_615	4151	300.1924	7.21	
met_616	4157	822.5452	16.96	
met_617	4163	430.1939	6.15	
met_618	4165	342.2394	8.63	
met_619	4169	301.2015	9.82	
met_620	4170	371.2297	8.51	
met_621	4180	300.1924	7.59	
met_622	4200	621.2660	12.85	
met_623	4207	316.1507	6.81	
met_624	4225	588.8974	16.90	
met_625	4235	743.1935	15.47	
met_626	4240	487.2649	9.43	
met_627	4242	520.9090	16.77	
met_628	4246	334.1766	8.36	
met_629	4248	386.2036	6.88	
met_630	4253	367.1519	9.56	
met_631	4254	635.2499	12.48	
met_632	4267	364.1872	8.77	
met_633	4275	511.2193	7.84	
met_634	4276	334.9199	2.82	
met_635	4278	330.2027	6.98	
met_636	4287	499.2108	16.49	
met_637	4289	520.9092	15.30	
met_638	4296	344.1818	7.89	
met_639	4299	327.2168	10.25	
met_640	4304	346.1616	6.69	
met_641	4311	403.1834	6.90	
met_642	4312	301.1512	6.47	
met_643	4314	499.2109	16.22	
met_644	4317	387.2241	7.36	
met_645	4325	311.1860	11.77	
met_646	4330	390.2391	9.40	
met_647	4331	445.2296	7.98	
met_648	4333	588.8974	16.74	
met_649	4335	376.2238	9.10	
met_650	4345	794.5166	15.06	
met_651	4346	321.0452	1.26	
met_652	4350	306.9184	16.92	
met_653	4353	424.9189	0.38	
met_654	4371	387.2241	7.90	
met_655	4376	642.3259	8.96	
met_656	4379	424.9190	5.18	
met_657	4384	499.2109	15.44	
met_658	4398	304.1510	4.67	
met_659	4400	401.2038	7.06	
met_660	4406	328.0448	3.45	
met_661	4413	344.8793	2.71	
met_662	4415	424.9190	4.75	
met_663	4420	794.5170	15.44	
met_664	4421	452.9217	12.76	
met_665	4423	340.0614	1.61	
met_666	4428	417.1991	7.60	
met_667	4431	424.9190	2.86	
met_668	4432	333.0567	2.85	
met_669	4433	344.8793	3.16	
met_670	4442	588.8975	14.81	
met_671	4443	344.8792	2.22	
met_672	4447	463.2546	9.19	
met_673	4453	428.2503	7.79	
met_674	4456	883.4862	15.68	
met_675	4463	305.0804	7.04	
met_676	4464	343.1981	7.82	
met_677	4467	817.5118	14.59	
met_678	4469	332.1461	3.40	
met_679	4476	817.5118	14.46	
met_680	4481	449.2751	10.14	
met_681	4488	315.1669	6.92	
met_682	4493	343.2118	9.49	
met_683	4497	728.6397	16.12	
met_684	4511	302.0654	5.62	
met_685	4519	350.1714	7.53	
met_686	4520	307.9283	4.22	
met_687	4531	309.2067	13.49	
met_688	4541	343.2118	9.25	
met_689	4545	328.9070	4.36	
met_690	4557	312.8947	0.53	
met_691	4558	588.8976	14.34	
met_692	4561	443.2509	8.11	
met_693	4565	835.5121	16.00	
met_694	4570	444.2089	6.28	
met_695	4589	728.6397	16.77	
met_696	4593	309.2067	12.17	
met_697	4623	812.5156	16.24	
met_698	4629	340.9366	5.54	
met_699	4651	925.3755	16.90	
met_700	4667	328.9071	3.46	
met_701	4668	374.1559	6.58	
met_702	4670	306.9184	16.31	
met_703	4683	387.1880	6.23	
met_704	4689	417.1990	6.97	
met_705	4707	374.9055	16.86	
met_706	4721	340.9367	2.42	
met_707	4769	565.0460	0.80	
met_708	4785	505.9874	0.82	
met_709	4792	306.9249	0.50	
met_710	4796	555.2835	12.94	
met_711	4860	453.2163	9.84	
met_712	4861	793.5118	14.92	
met_713	4880	384.9344	16.83	
met_714	4895	959.5910	14.24	
met_715	4899	793.5117	14.86	
met_716	4904	620.2611	12.91	
met_717	4910	452.9219	16.39	
met_718	4911	415.1452	1.68	
met_719	4938	799.5559	15.52	
met_720	4942	505.9874	2.10	
met_721	4944	499.2106	16.92	
met_722	4950	334.9199	4.76	
met_723	4952	334.9199	3.61	
met_724	4955	384.9343	13.25	
met_725	4957	334.9199	2.30	
met_726	4959	793.5117	13.91	
met_727	4960	815.4979	15.55	
met_728	4975	520.9091	15.08	
met_729	4977	960.5994	14.24	
met_730	4979	798.5436	15.33	
met_731	4983	794.5171	14.54	
met_732	4998	424.9190	4.73	
met_733	5004	375.1654	8.84	
met_734	5005	823.5586	14.07	
met_735	5011	793.5117	13.51	
met_736	5016	959.5911	13.35	
met_737	5019	741.4725	16.06	
met_738	5023	344.8793	3.43	
met_739	5035	344.8793	3.75	
met_740	5041	424.9190	3.23	
met_741	5042	424.9190	3.62	
met_742	5061	588.8975	15.65	
met_743	5065	307.9282	5.04	
met_744	5073	606.2840	12.37	
met_745	5076	338.0661	3.98	
met_746	5083	683.4640	16.93	
met_747	5097	404.0798	3.21	
met_748	5101	588.8975	14.74	
met_749	5106	307.9283	3.18	
met_750	5117	687.2421	13.44	
met_751	5120	687.2419	13.28	
met_752	5124	620.2615	15.50	
met_753	5152	387.2241	7.55	
met_754	5174	745.5008	15.59	
met_755	5203	306.9184	16.30	
met_756	5219	463.2191	8.87	
met_757	5230	683.4640	16.45	
met_758	5288	307.9283	5.76	
met_759	5291	401.2040	7.57	
met_760	5299	328.9071	2.61	
met_761	5309	309.2067	12.32	
met_762	5336	656.8834	16.91	
met_763	5353	318.8286	4.75	
met_764	5366	312.9420	7.08	
met_765	5373	388.1169	0.92	
met_766	5384	302.9962	1.79	
met_767	5388	315.1669	6.75	
met_768	5391	418.1646	8.51	
met_769	5397	482.9603	0.79	
met_770	5425	316.9469	16.22	
met_771	5436	341.1736	14.34	
met_772	5461	797.5413	15.57	
met_773	5470	384.9343	16.14	
met_774	5492	358.1648	14.30	
met_775	5504	427.2182	7.97	
met_776	5512	452.9218	15.77	
met_777	5529	499.2109	16.29	
met_778	5561	322.8974	2.06	
met_779	5575	334.9199	3.30	
met_780	5579	794.5161	14.98	
met_781	5607	321.1698	11.16	
met_782	5613	619.2543	15.03	
met_783	5614	520.9090	15.18	
met_784	5624	305.1751	12.13	
met_785	5625	606.2828	12.78	
met_786	5635	322.8973	1.18	
met_787	5645	621.2659	15.00	
met_788	5666	310.9303	9.92	
met_789	5682	606.2826	12.93	
met_790	5700	823.5585	14.26	
met_791	5725	307.9283	5.42	
met_792	5726	424.9189	2.34	
met_793	5731	620.2612	12.94	
met_794	5746	743.4873	16.91	
met_795	5763	622.2702	12.85	
met_796	5765	307.1912	11.86	
met_797	5801	334.9200	1.26	
met_798	5804	606.2839	12.28	
met_799	5805	409.2225	11.97	
met_800	5822	520.9089	13.15	
met_801	5825	344.8791	1.44	
met_802	5836	606.2833	12.71	
met_803	5840	418.9018	1.55	
met_804	5854	312.8947	5.11	
met_805	5858	374.9055	16.93	
met_806	5865	340.9366	4.54	
met_807	5876	306.9184	14.46	
met_808	5887	312.8947	3.35	
met_809	5893	306.9184	15.16	
met_810	5901	311.2223	12.48	
met_811	5917	619.2543	16.73	
met_812	5935	377.0849	0.79	
met_813	5963	312.9418	2.74	
met_814	5964	620.2607	13.39	
met_815	5988	302.8977	0.62	
met_816	6016	418.9018	2.58	
met_817	6023	322.8975	2.37	
met_818	6122	310.0012	6.15	
met_819	6130	409.2350	13.98	
met_820	6139	344.8793	5.57	
met_821	6149	397.2201	11.67	
met_822	6154	817.5118	14.68	
met_823	6156	817.5118	14.83	
met_824	6196	817.5118	14.87	
met_825	6223	817.5118	14.45	
met_826	6240	499.2108	15.05	
met_827	6269	328.9070	5.19	
met_828	6274	728.6397	16.86	
met_829	6277	728.6396	16.10	
met_830	6287	499.2095	12.99	
met_831	6301	344.1091	2.06	
met_832	6362	307.1913	12.00	
met_833	6369	384.9344	16.95	
met_834	6376	384.9344	16.83	
met_835	6389	529.0766	9.58	
met_836	6390	307.1912	12.16	
met_837	6393	302.9962	1.11	
met_838	6415	569.0709	9.52	
met_839	6416	322.8975	2.76	
met_840	6423	588.8974	16.89	
met_841	6431	311.2222	12.67	
met_842	6458	339.1626	11.29	
met_843	6464	344.8793	4.86	
met_844	6471	424.9190	5.30	
met_845	6476	344.8793	2.99	
met_846	6484	323.1855	11.59	
met_847	6485	310.9303	10.46	
met_848	6491	588.8975	15.02	
met_849	6496	520.9090	12.43	
met_850	6500	452.9218	13.64	
met_851	6515	345.2274	10.06	
met_852	6518	307.9283	4.07	
met_853	6520	325.2014	10.89	
met_854	6524	683.4640	15.88	
met_855	6537	307.9283	2.61	
met_856	6567	328.9071	4.21	
met_857	6576	397.2202	10.54	
met_858	6604	302.9962	1.88	
met_859	6616	306.9249	0.51	
met_860	6621	301.2168	15.32	
met_861	6622	309.2068	12.57	
met_862	6628	316.9469	16.90	
met_863	6681	316.9470	16.12	
met_864	6690	306.0759	6.83	
met_865	6709	452.9219	15.80	
met_866	6710	520.9089	16.92	
met_867	6713	797.5416	15.31	
met_868	6760	306.0760	10.62	
met_869	6771	384.9343	13.37	
met_870	6793	619.2543	12.57	
met_871	6801	883.4862	15.67	
met_872	6837	344.8793	4.21	
met_873	6848	424.9189	4.97	
met_874	6857	344.8793	2.69	
met_875	6865	313.2377	13.27	
met_876	6880	424.9190	3.20	
met_877	6891	328.9059	0.60	
met_878	6931	793.5118	15.11	
met_879	6939	424.9190	2.57	
met_880	6977	925.3755	16.85	
met_881	6981	312.8947	0.37	
met_882	7022	683.4641	15.41	
met_883	7034	743.4883	15.45	
met_884	7038	482.9603	2.27	
met_885	7062	340.9366	4.72	
met_886	7073	793.5117	15.22	
met_887	7076	306.9184	14.57	
met_888	7084	344.8793	5.82	
met_889	7122	316.9470	16.95	
met_890	7125	316.9469	16.93	
met_891	7137	384.9344	16.95	
met_892	7159	452.9218	16.95	
met_893	7170	605.2767	16.58	
met_894	7190	520.9089	16.91	
met_895	7203	325.1474	10.89	
met_896	7239	343.2118	9.47	
met_897	7247	817.5102	16.28	
met_898	7255	397.2203	10.98	
met_899	7258	449.2752	10.49	
met_900	7291	334.9199	3.89	
met_901	7307	606.2824	13.12	
met_902	7314	533.1807	14.96	
met_903	7326	334.9200	3.03	
met_904	7362	745.5006	15.96	
met_905	7385	588.8975	15.71	
met_906	7399	344.8793	2.34	
met_907	7404	307.1912	11.58	
met_908	7409	361.2228	8.68	
met_909	7410	619.2544	16.42	
met_910	7444	307.9283	5.05	
met_911	7446	447.1426	13.40	
met_912	7448	621.2692	16.23	
met_913	7456	619.2545	16.36	
met_914	7457	307.9283	4.16	
met_915	7472	447.1425	13.24	
met_916	7474	359.2070	9.03	
met_917	7477	606.2826	13.78	
met_918	7478	661.4813	16.16	
met_919	7492	318.8286	4.50	
met_920	7494	307.9283	3.58	
met_921	7495	329.2329	11.40	
met_922	7500	318.8286	2.81	
met_923	7514	339.1991	14.13	
met_924	7520	765.4808	16.79	
met_925	7533	661.4813	15.73	
met_926	7549	317.9505	16.91	
met_927	7559	463.2546	9.18	
met_928	7564	800.5603	15.60	
met_929	7621	343.2118	9.63	
met_930	7631	721.5020	15.37	
met_931	7643	461.1582	13.97	
met_932	7649	728.6396	16.38	
met_933	7668	407.2056	9.11	
met_934	7683	452.9219	16.43	
met_935	7684	847.5463	15.99	
met_936	7702	798.5435	15.59	
met_937	7716	520.9091	15.46	
met_938	7722	793.5119	15.46	
met_939	7741	344.8793	5.36	
met_940	7747	721.5018	16.78	
met_941	7749	845.5428	16.09	
met_942	7752	344.8793	3.78	
met_943	7767	721.5023	16.14	
met_944	7768	344.8793	2.48	
met_945	7771	721.5027	16.14	
met_946	7773	318.8286	3.17	
met_947	7778	424.9190	3.19	
met_948	7782	318.8287	3.70	
met_949	7789	328.9071	5.43	
met_950	7792	318.8286	5.42	
met_951	7797	756.6721	16.28	
met_952	7802	345.2274	10.21	
met_953	7805	306.9184	16.01	
met_954	7807	318.8286	2.33	
met_955	7810	820.5298	14.93	
met_956	7860	573.3017	9.08	
met_957	7882	709.4797	16.93	
met_958	7896	318.8287	1.51	
met_959	7941	815.4979	15.62	
met_960	7945	404.1035	0.79	
met_961	7958	620.2605	13.41	
met_962	8010	334.9199	4.12	
met_963	8014	429.3012	15.60	
met_964	8028	819.5273	14.92	
met_965	8044	333.2195	14.78	
met_966	8050	685.4811	15.38	
met_967	8065	327.1796	13.66	
met_968	8084	310.9303	12.22	
met_969	8108	620.2601	16.95	
met_970	8114	745.5007	16.39	
met_971	8123	318.8287	5.87	
met_972	8128	684.4689	16.75	
met_973	8146	318.8288	5.98	
met_974	8246	621.2654	13.09	
met_975	8257	499.2109	16.48	
met_976	8264	605.2768	13.52	
met_977	8272	334.9199	2.83	
met_978	8278	310.9303	10.45	
met_979	8291	756.6719	16.96	
met_980	8292	769.5085	16.91	
met_981	8306	721.5018	15.28	
met_982	8307	387.1139	14.35	
met_983	8310	756.6719	16.95	
met_984	8314	756.6719	16.67	
met_985	8317	741.4719	15.67	
met_986	8321	310.9304	9.26	
met_987	8333	407.2024	16.26	
met_988	8354	310.9306	8.56	
met_989	8361	606.2839	11.49	
met_990	8363	756.6720	16.55	
met_991	8369	588.8974	12.52	
met_992	8372	661.4813	16.95	
met_993	8386	310.9306	7.65	
met_994	8399	619.2543	16.97	
met_995	8403	311.2224	14.23	
met_996	8536	315.1808	11.45	
met_997	8576	397.2203	10.99	
met_998	8578	799.5559	15.64	
met_999	8615	745.5010	15.74	
met_1000	8618	334.9200	2.21	
met_1001	8621	588.8975	14.35	
met_1002	8667	318.8287	2.63	
met_1003	8672	661.4813	16.16	
met_1004	8675	685.4810	16.89	
met_1005	8679	317.9505	16.94	
met_1006	8688	318.8286	3.90	
met_1007	8689	721.5019	15.80	
met_1008	8694	318.8286	5.06	
met_1009	8723	327.2169	11.19	
met_1010	8732	685.4811	16.29	
met_1011	8745	925.3755	16.94	
met_1012	8748	535.1776	16.20	
met_1013	8749	685.4811	15.84	
met_1014	8798	418.9019	2.20	
met_1015	8824	793.5117	14.81	
met_1016	8840	848.5477	15.99	
met_1017	8856	318.8286	4.28	
met_1018	8858	333.2195	14.72	
met_1019	8863	823.5586	14.19	
met_1020	8873	318.8286	4.74	
met_1021	8894	745.5007	15.32	
met_1022	8915	684.4690	15.38	
met_1023	8935	305.9705	16.90	
met_1024	8942	960.5994	14.24	
met_1025	8948	311.2224	14.14	
met_1026	8983	800.5603	15.60	
met_1027	9000	795.5242	16.48	
met_1028	9001	334.9200	2.52	
met_1029	9004	959.5909	14.07	
met_1030	9009	452.9218	12.59	
met_1031	9033	307.9283	4.45	
met_1032	9056	306.9184	15.88	
met_1033	9130	384.9344	16.69	
met_1034	9139	330.2361	10.98	
met_1035	9145	418.9019	3.39	
met_1036	9148	418.9019	2.58	
met_1037	9157	728.6396	15.80	
met_1038	9167	728.6396	15.30	
met_1039	9172	424.9190	5.40	
met_1040	9175	797.5409	15.26	
met_1041	9225	307.9283	3.70	
met_1042	9229	685.4811	15.38	
met_1043	9234	306.9184	12.28	
met_1044	9235	683.4640	16.86	
met_1045	9241	794.5163	15.02	
met_1046	9280	661.4813	16.82	
met_1047	9413	325.2014	11.18	
met_1048	9427	794.5165	15.03	
met_1049	9453	417.2129	9.69	
met_1050	9463	443.2278	10.28	
met_1051	9478	307.1912	11.57	
met_1052	9498	329.2329	12.43	
met_1053	9501	606.2838	12.38	
met_1054	9525	309.2067	13.16	
met_1055	9528	343.2118	9.92	
met_1056	9591	606.2839	12.36	
met_1057	9619	744.4892	16.87	
met_1058	9628	756.6717	15.74	
met_1059	9635	340.9365	0.41	
met_1060	9661	815.6077	16.03	
met_1061	9672	328.9071	3.47	
met_1062	9691	387.1139	11.09	
met_1063	9751	317.1599	8.91	
met_1064	9799	309.1710	10.93	
met_1065	9808	334.9199	3.61	
met_1066	9854	424.9190	4.29	
met_1067	9872	815.4977	15.70	
met_1068	9895	418.9019	6.01	
met_1069	9897	345.2274	9.69	
met_1070	9901	359.2070	8.97	
met_1071	9902	344.8793	2.99	
met_1072	9911	743.4873	16.76	
met_1073	9916	359.2070	8.84	
met_1074	10022	620.2614	15.33	
met_1075	10154	847.5579	16.61	
met_1076	10164	520.9091	15.71	
met_1077	10195	823.5586	14.07	
met_1078	10214	622.2695	13.08	
met_1079	10222	424.9190	2.79	
met_1080	10230	823.5585	13.95	
met_1081	10239	318.8286	4.50	
met_1082	10259	685.4811	16.29	
met_1083	10264	959.5911	13.35	
met_1084	10272	721.5018	15.67	
met_1085	10287	817.5119	14.13	
met_1086	10291	307.9283	5.64	
met_1087	10294	756.6718	15.96	
met_1088	10319	606.2830	14.04	
met_1089	10336	384.9344	16.90	
met_1090	10337	452.9218	16.94	
met_1091	10344	452.9219	16.42	
met_1092	10355	384.9343	12.77	
met_1093	10359	311.2222	12.93	
met_1094	10368	322.8975	5.16	
met_1095	10369	343.2118	9.64	
met_1096	10370	322.8975	3.91	
met_1097	10385	334.9199	4.95	
met_1098	10406	312.9420	6.40	
met_1099	10440	384.9343	11.39	
met_1100	10461	505.9875	2.52	
met_1101	10479	341.1960	9.84	
met_1102	10507	313.2378	12.46	
met_1103	10524	520.9089	13.14	
met_1104	10525	685.4810	16.90	
met_1105	10565	621.2654	13.12	
met_1106	10602	312.9418	2.50	
met_1107	10615	793.5118	15.08	
met_1108	10629	418.9019	3.96	
met_1109	10639	322.8975	3.67	
met_1110	10649	418.9019	2.97	
met_1111	10706	310.9303	10.54	
met_1112	10716	606.2824	16.93	
met_1113	10721	424.9190	5.72	
met_1114	10752	306.9251	6.78	
met_1115	10773	606.2824	16.92	
met_1116	10832	387.1139	11.80	
met_1117	10892	328.9070	5.61	
met_1118	10903	300.1235	13.44	
met_1119	10905	339.1991	14.54	
met_1120	10907	441.2518	13.35	
met_1121	10909	431.2279	10.90	
met_1122	10913	351.2204	14.62	
met_1123	10915	345.1314	13.54	
met_1124	10919	353.2477	16.39	
met_1125	10920	317.1365	14.94	
met_1126	10922	341.1749	14.59	
met_1127	10926	485.2784	13.36	
met_1128	10927	387.2855	11.55	
met_1129	10928	343.2118	12.35	
met_1130	10933	431.2279	10.91	
met_1131	10934	383.2409	12.96	
met_1132	10936	317.1386	12.36	
met_1133	10937	389.2326	15.32	
met_1134	10939	325.2166	14.95	
met_1135	10943	449.2752	10.60	
met_1136	10944	310.1631	10.57	
met_1137	10946	307.1546	11.91	
met_1138	10951	417.2124	10.57	
met_1139	10954	387.1554	15.88	
met_1140	10976	377.1606	13.07	
met_1141	10982	337.1179	12.81	
met_1142	10983	313.1652	11.82	
met_1143	10987	307.1159	12.61	
met_1144	10988	435.2958	12.35	
met_1145	10993	449.2751	11.09	
met_1146	10994	385.2011	15.29	
met_1147	10995	383.2409	12.80	
met_1148	11011	356.1496	16.02	
met_1149	11012	415.3170	12.59	
met_1150	11014	377.1574	12.51	
met_1151	11017	346.9740	12.29	
met_1152	11022	469.2829	14.35	
met_1153	11026	321.1314	11.65	
met_1154	11029	313.2378	13.12	
met_1155	11034	329.2329	12.15	
met_1156	11038	429.1498	12.12	
met_1157	11048	313.2378	13.90	
met_1158	11058	485.1776	13.78	
met_1159	11063	533.1807	15.85	
met_1160	11067	313.2378	12.55	
met_1161	11074	395.2460	14.76	
met_1162	11084	301.0711	10.52	
met_1163	11108	429.1497	12.76	
met_1164	11119	312.1721	14.44	
met_1165	11133	342.2278	14.40	
met_1166	11136	343.2118	12.16	
met_1167	11137	471.1989	15.08	
met_1168	11148	533.1807	14.74	
met_1169	11169	486.3978	15.83	
met_1170	11188	307.1938	14.09	
met_1171	11199	407.2033	13.80	
met_1172	11200	415.2332	11.50	
met_1173	11210	309.1707	10.93	
met_1174	11215	744.9530	16.03	
met_1175	11223	311.2222	13.69	
met_1176	11243	480.9693	10.43	
met_1177	11283	308.0745	13.31	
met_1178	11285	524.9597	10.42	
met_1179	11290	461.1583	13.79	
met_1180	11299	499.2108	14.94	
met_1181	11305	316.9470	16.91	
met_1182	11352	315.2532	13.42	
met_1183	11358	433.1269	12.84	
met_1184	11364	313.2378	13.58	
met_1185	11387	407.1869	14.16	
met_1186	11417	316.9470	16.92	
met_1187	11494	486.3979	14.78	
met_1188	11519	316.9470	16.78	
met_1189	11580	620.2609	13.41	
met_1190	11607	329.1218	8.75	
met_1191	11652	574.9555	10.90	
met_1192	11687	499.2108	13.99	
met_1193	11690	327.2168	12.05	
met_1194	11698	530.9661	10.90	
met_1195	11721	498.2141	15.64	
met_1196	11735	384.9344	16.91	
met_1197	11782	433.1270	12.70	
met_1198	11796	619.2544	13.38	
met_1199	11800	471.2507	14.07	
met_1200	11908	452.9219	16.48	
met_1201	11937	325.2742	14.79	
met_1202	11955	685.4812	14.72	
met_1203	11980	327.1631	10.78	
met_1204	11983	384.9344	16.92	
met_1205	12062	316.9470	16.84	
met_1206	12078	580.9629	11.40	
met_1207	12098	316.9470	16.82	
met_1208	12339	309.2067	13.50	
met_1209	12363	394.8899	15.75	
met_1210	12464	683.4640	14.73	
met_1211	12470	326.9024	14.63	
met_1212	12473	316.9470	16.83	
met_1213	12520	498.2143	14.51	
met_1214	12524	498.2143	14.65	
met_1215	12530	311.2224	14.24	
met_1216	12565	394.8900	14.56	
met_1217	12587	316.9470	16.81	
met_1218	12649	520.9090	16.08	
met_1219	12668	544.9653	16.87	
met_1220	12674	326.9024	10.37	
met_1221	12751	523.1526	16.20	
met_1222	12884	498.2142	14.96	
met_1223	12895	486.3978	14.08	
met_1224	12972	316.9470	16.80	
met_1225	12988	499.2107	13.52	
met_1226	13002	613.1569	15.23	
met_1227	13010	359.2069	9.03	
met_1228	13054	620.2612	15.06	
met_1229	13077	394.8901	10.36	
met_1230	13163	314.9878	12.50	
met_1231	13210	620.2609	13.38	
met_1232	13231	304.9675	12.15	
met_1233	13400	683.4639	15.18	
met_1234	13414	326.9024	13.54	
met_1235	13415	683.4640	15.40	
met_1236	13519	310.9306	7.64	
met_1237	13527	326.9024	12.52	
met_1238	13534	384.9343	16.84	
met_1239	13583	312.9418	2.50	
met_1240	13604	418.9019	3.67	
met_1241	13611	418.9019	2.33	
met_1242	13629	322.8975	2.27	
met_1243	13639	334.9199	4.40	
met_1244	13719	605.2768	16.04	
met_1245	13765	621.2653	13.66	
met_1246	13781	325.2013	10.96	
met_1247	13791	745.5008	16.91	
met_1248	13846	319.1658	9.92	
met_1249	13949	847.5579	16.62	
met_1250	14288	535.1777	16.21	
